[{
  "_id": {
    "$oid": "674dd0ff5170d968ded66a88"
  },
  "userId": {
    "$oid": "674dd0ff5170d968ded66a86"
  },
  "__v": 0
},
{
  "_id": {
    "$oid": "674f299a3da872e108c516e2"
  },
  "userId": {
    "$oid": "674f299a3da872e108c516e0"
  },
  "__v": 0
},
{
  "_id": {
    "$oid": "674f29a93da872e108c516e8"
  },
  "userId": {
    "$oid": "674f29a93da872e108c516e6"
  },
  "__v": 0
},
{
  "_id": {
    "$oid": "674f29ca3da872e108c516ee"
  },
  "userId": {
    "$oid": "674f29ca3da872e108c516ec"
  },
  "__v": 0
}]